,R_ID_base,R_ID_nav,vec_base,vec_nav,acc_t,acc_o,calc_errors,doc_eval,E_ID
0,R-24,R-37,[-0.47899013 -0.9373214  -0.20106984],[ 0.13611618 -1.84496149 -0.122928  ],[0.61510631 0.90764008 0.07814184 1.09921447],,['0.1164' '0.0982'],,E-10
1,R-24,R-37,[-0.47899013 -0.9373214  -0.20106984],[ 0.13611618 -1.84496149 -0.122928  ],[0.61510631 0.90764008 0.07814184 1.09921447],,['0.1164' '0.0982'],,E-10
2,R-24,R-37,[-0.47899013 -0.9373214  -0.20106984],[ 0.13611618 -1.84496149 -0.122928  ],[0.61510631 0.90764008 0.07814184 1.09921447],,['0.1164' '0.0982'],,E-10
3,R-24,R-37,[-0.47899013 -0.9373214  -0.20106984],[ 0.13611618 -1.84496149 -0.122928  ],[0.61510631 0.90764008 0.07814184 1.09921447],,['0.1164' '0.0982'],,E-10
