,R_ID_base,R_ID_nav,vec_base,vec_nav,acc_t,acc_o,calc_errors,doc_eval,E_ID
4,R-31,R-38,[ 0.42207049 -0.76267757 -0.17375377],[-0.00966675 -0.46566962  0.08232525],0.5832557135724888,,['0.0840' '0.10185622423887253'],,E-10
5,R-18,R-39,[-0.82213222 -1.06480743  0.43340026],[-0.00997272 -0.46530267  0.08277347],1.0686197405109465,,['0.1151' '0.099059097468853'],,E-10
6,R-17,R-40,[-0.85678331 -1.11942397  0.42653198],[-0.00925868 -0.46534618  0.08222958],1.1245709863885973,,['0.1519' '0.09967357665300369'],,E-10
7,R-33,R-41,[ 0.41601967 -0.76227231 -0.17560793],[-0.00938848 -0.46454244  0.08363438],0.5803634589760653,,['0.1036' '0.09947136789560318'],,E-10
